Country,Revenue
United Kingdom,16596357.49
EIRE,625037.53
Netherlands,549773.41
Germany,383419.24
France,311147.02
Australia,167800.01
Spain,97994.5
Switzerland,94024.59
Sweden,86319.14
Denmark,67422.69
Belgium,56993.17
Portugal,47455.99
Channel Islands,44030.33
Japan,43023.91
Norway,38575.36
Italy,28977.170000000002
Finland,25243.34
Cyprus,24484.260000000002
Austria,20297.010000000002
Greece,18711.19
Hong Kong,13666.45
Singapore,13158.16
Israel,11328.81
Unspecified,10927.16
United Arab Emirates,10273.23
Poland,10214.29
USA,7920.01
Iceland,4921.53
Lithuania,4892.68
Malta,4757.34
Canada,4332.1
RSA,3369.03
Bahrain,3109.79
Thailand,3070.54
Lebanon,1905.58
Brazil,1411.8700000000001
Bermuda,1253.1399999999999
European Community,1159.25
Korea,1118.51
Czech Republic,786.74
West Indies,536.41
Saudi Arabia,145.92000000000002
Nigeria,140.39
