Month,Revenue
2009-12-01,798232.03
2010-01-01,621353.43
2010-02-01,537926.6900000001
2010-03-01,761748.53
2010-04-01,646547.86
2010-05-01,643585.64
2010-06-01,697382.32
2010-07-01,633079.42
2010-08-01,674192.89
2010-09-01,869277.16
2010-10-01,1094563.6300000001
2010-11-01,1436458.55
2010-12-01,789256.28
2011-01-01,593255.86
2011-02-01,507866.54
2011-03-01,690061.6
2011-04-01,515499.66000000003
2011-05-01,740036.33
2011-06-01,737683.99
2011-07-01,688252.67
2011-08-01,735370.22
2011-09-01,1028345.38
2011-10-01,1103363.97
2011-11-01,1452115.98
