Description,Revenue
REGENCY CAKESTAND 3 TIER,330590.32
WHITE HANGING HEART T-LIGHT HOLDER,260990.22
PARTY BUNTING,148318.28
JUMBO BAG RED RETROSPOT,148073.47
ASSORTED COLOUR BIRD ORNAMENT,129324.49
PAPER CHAIN KIT 50'S CHRISTMAS ,117760.29000000001
CHILLI LIGHTS,80540.88
ROTATING SILVER ANGELS T-LIGHT HLDR,71300.4
JUMBO BAG STRAWBERRY,69002.13
RABBIT NIGHT LIGHT,66870.03
BLACK RECORD COVER FRAME,65189.29
JUMBO STORAGE BAG SUKI,61537.55
VINTAGE UNION JACK BUNTING,60286.04
EDWARDIAN PARASOL NATURAL,60145.85
HOT WATER BOTTLE TEA AND SYMPATHY,59189.14
